City_ID,City,Country,Date,Lat,Lng,Max Temp,Humidity,Cloudiness,Wind Speed
0,Kruisfontein,ZA,2021-07-22 08:13:29,-34.0033,24.7314,42.89,69,100,24.2
1,Cidreira,BR,2021-07-22 08:13:29,-30.1811,-50.2056,52.86,73,3,5.14
2,Port Elizabeth,ZA,2021-07-22 08:13:30,-33.918,25.5701,46.69,87,75,20.71
3,Nova Odesa,UA,2021-07-22 08:13:30,47.3078,31.7851,76.19,50,58,19.75
4,Kodino,RU,2021-07-22 08:13:31,63.7198,39.6447,51.1,86,100,3.24
5,Tasiilaq,GL,2021-07-22 08:13:31,65.6145,-37.6368,44.76,98,100,12.26
6,Slave Lake,CA,2021-07-22 08:13:31,55.2834,-114.769,55.18,99,100,2.19
7,Zhigansk,RU,2021-07-22 08:13:32,66.7697,123.3711,70.52,42,100,6.06
8,Kapaa,US,2021-07-22 08:13:32,22.0752,-159.319,79.12,80,90,1.99
9,Dargaville,NZ,2021-07-22 08:13:33,-35.9333,173.8833,53.1,89,93,4.09
10,Souillac,MU,2021-07-22 08:13:33,-20.5167,57.5167,75.36,65,29,17.63
11,Punta Arenas,CL,2021-07-22 08:13:33,-53.15,-70.9167,37.51,93,75,6.91
12,Butaritari,KI,2021-07-22 08:13:34,3.0707,172.7902,83.59,75,13,11.95
13,Svetlaya,RU,2021-07-22 08:12:11,46.5389,138.3297,74.19,83,100,9.08
14,Bom Jesus,BR,2021-07-22 08:13:34,-9.0744,-44.3586,67.32,69,2,3.96
15,Colon,PA,2021-07-22 08:13:35,9.3592,-79.9014,81.14,88,100,5.99
16,Jamestown,US,2021-07-22 08:13:35,42.097,-79.2353,56.84,95,20,1.99
17,Vaini,TO,2021-07-22 08:13:35,-21.2,-175.2,73.56,88,20,5.75
18,Chokurdakh,RU,2021-07-22 08:13:36,70.6333,147.9167,52.3,65,100,8.3
19,Hermanus,ZA,2021-07-22 08:08:40,-34.4187,19.2345,47.89,68,97,10.45
20,Busselton,AU,2021-07-22 08:13:36,-33.65,115.3333,57.04,70,99,10.07
21,Guerrero Negro,MX,2021-07-22 08:13:37,27.9769,-114.0611,68.95,87,7,8.28
22,Granja,BR,2021-07-22 08:13:37,-3.1203,-40.8261,71.38,76,32,5.26
23,Raga,SS,2021-07-22 08:13:38,8.4596,25.678,76.17,75,99,3.4
24,Oksfjord,NO,2021-07-22 08:13:38,70.2396,22.3479,46.47,97,100,11.92
25,Bemidji,US,2021-07-22 08:13:38,47.4736,-94.8803,70.09,98,75,8.05
26,Foam Lake,CA,2021-07-22 08:13:39,51.65,-103.5343,63.25,94,29,8.1
27,Mataura,NZ,2021-07-22 08:13:39,-46.1927,168.8643,43.48,97,27,2.8
28,Pemangkat,ID,2021-07-22 08:13:40,1.1667,108.9667,85.35,71,82,12.17
29,Longyearbyen,SJ,2021-07-22 08:13:40,78.2186,15.6401,44.44,70,75,4.61
30,Hithadhoo,MV,2021-07-22 08:13:41,-0.6,73.0833,81.97,74,97,11.72
31,Albany,US,2021-07-22 08:13:41,42.6001,-73.9662,58.87,95,2,4.32
32,Ushuaia,AR,2021-07-22 08:13:41,-54.8,-68.3,36.01,98,100,6.2
33,Marawi,PH,2021-07-22 08:13:42,7.9986,124.2928,77.25,69,100,8.08
34,Vardo,NO,2021-07-22 08:13:42,70.3705,31.1107,46.6,76,75,16.11
35,Kant,IN,2021-07-22 08:13:43,27.8,79.8,94.21,53,99,9.55
36,Cape Town,ZA,2021-07-22 08:09:10,-33.9258,18.4232,52.11,79,86,1.99
37,Quatre Cocos,MU,2021-07-22 08:13:43,-20.2078,57.7625,75.09,68,89,18.34
38,Saint-Philippe,RE,2021-07-22 08:13:44,-21.3585,55.7679,76.59,71,40,15.37
39,Kysyl-Syr,RU,2021-07-22 08:13:44,63.8986,122.7617,79.48,43,59,7.99
40,Novoagansk,RU,2021-07-22 08:13:45,61.9449,76.6625,68.54,71,89,12.86
41,Linhares,BR,2021-07-22 08:13:45,-19.3911,-40.0722,59.86,95,3,2.73
42,Pachperwa,IN,2021-07-22 08:13:45,27.5167,82.65,93.58,58,96,11.14
43,Kaitangata,NZ,2021-07-22 08:13:46,-46.2817,169.8464,45.93,68,10,5.28
44,Hobart,AU,2021-07-22 08:10:16,-42.8794,147.3294,53.06,69,75,4.61
45,Pisco,PE,2021-07-22 08:13:46,-13.7,-76.2167,61.02,88,90,1.14
46,Cherskiy,RU,2021-07-22 08:13:47,68.75,161.3,61.25,56,100,7.09
47,San Patricio,US,2021-07-22 08:13:47,28.017,-97.5169,81.82,68,49,4.74
48,Newbury,GB,2021-07-22 08:08:54,51.4003,-1.3206,75.69,84,0,5.17
49,Bredasdorp,ZA,2021-07-22 08:13:48,-34.5322,20.0403,45.28,80,96,7.02
50,Bambous Virieux,MU,2021-07-22 08:13:48,-20.3428,57.7575,75.22,68,82,18.52
51,Georgetown,MY,2021-07-22 08:13:49,5.4112,100.3354,91.33,66,20,16.11
52,Mar Del Plata,AR,2021-07-22 08:13:49,-38.0023,-57.5575,49.12,51,100,11.99
53,Henties Bay,NA,2021-07-22 08:13:50,-22.116,14.2845,63.16,50,0,4.61
54,Abyek,IR,2021-07-22 08:13:50,36.0667,50.55,96.46,14,0,10.78
55,Salalah,OM,2021-07-22 08:13:51,17.0151,54.0924,82.49,83,75,13.8
56,Saldanha,ZA,2021-07-22 08:13:51,-33.0117,17.9442,50.13,69,100,4.38
57,Cabo San Lucas,MX,2021-07-22 08:11:28,22.8909,-109.9124,82.81,75,0,1.99
58,Bilibino,RU,2021-07-22 08:13:52,68.0546,166.4372,66.63,30,62,5.79
59,Codrington,AU,2021-07-22 08:13:52,-38.2667,141.9667,48.27,62,100,13.29
60,Anori,BR,2021-07-22 08:13:52,-3.7728,-61.6442,72.32,89,3,0.92
61,Sao Joao Da Barra,BR,2021-07-22 08:13:53,-21.6403,-41.0511,61.61,88,7,5.32
62,Provideniya,RU,2021-07-22 08:13:53,64.3833,-173.3,43.36,76,100,1.57
63,Avarua,CK,2021-07-22 08:13:54,-21.2078,-159.775,71.65,94,5,1.14
64,Vidim,RU,2021-07-22 08:13:54,56.4088,103.1106,74.61,51,26,8.5
65,Yellowknife,CA,2021-07-22 08:13:54,62.456,-114.3525,62.33,93,60,8.01
66,Olinda,BR,2021-07-22 08:12:49,-8.0089,-34.8553,73.13,78,40,11.5
67,Padang,ID,2021-07-22 08:13:55,-0.9492,100.3543,86.07,64,84,5.88
68,Flinders,AU,2021-07-22 08:13:55,-34.5833,150.8552,57.2,52,95,1.01
69,Namibe,AO,2021-07-22 08:13:56,-15.1961,12.1522,76.08,37,0,3.42
70,Pichucalco,MX,2021-07-22 08:13:57,17.5167,-93.0667,72.99,85,3,3.22
71,San Vicente,AR,2021-07-22 08:13:57,-26.6167,-54.1333,49.87,85,0,2.64
72,Sitka,US,2021-07-22 08:13:57,57.0531,-135.33,55.29,82,90,3.44
73,Kodiak,US,2021-07-22 08:13:58,57.79,-152.4072,53.15,95,100,8.32
74,Minab,IR,2021-07-22 08:13:58,27.1467,57.0801,99.9,55,0,6.64
75,Brae,GB,2021-07-22 08:13:59,60.3964,-1.353,53.51,85,100,12.66
76,Guiglo,CI,2021-07-22 08:13:59,6.5456,-7.4966,72.68,95,75,1.88
77,Chisinau,MD,2021-07-22 08:09:51,47.0056,28.8575,73.83,64,0,16.11
78,Aksu,CN,2021-07-22 08:14:00,41.1231,80.2644,66.74,77,99,0.04
79,Gorom-Gorom,BF,2021-07-22 08:14:00,14.4439,-0.2361,85.5,53,100,15.05
80,Rikitea,PF,2021-07-22 08:14:01,-23.1203,-134.9692,72.14,71,0,15.48
81,Barrow,US,2021-07-22 08:14:01,71.2906,-156.7887,35.62,93,90,16.11
82,Korfovskiy,RU,2021-07-22 08:14:01,48.2183,135.0564,87.26,62,91,4.18
83,Hirara,JP,2021-07-22 08:14:02,24.8,125.2833,81.7,91,100,56.01
84,Castro,BR,2021-07-22 08:14:02,-24.7911,-50.0119,45.23,63,0,3.04
85,Samana,DO,2021-07-22 08:14:03,19.2056,-69.3369,77.11,88,52,7.36
86,Otradnoye,RU,2021-07-22 08:14:03,59.7775,30.8181,67.55,48,99,12.33
87,Atuona,PF,2021-07-22 08:14:03,-9.8,-139.0333,77.4,69,89,14.16
88,Ribeira Grande,PT,2021-07-22 08:14:04,38.5167,-28.7,66.6,77,40,4.61
89,Clyde River,CA,2021-07-22 08:14:04,70.4692,-68.5914,37.13,96,100,2.17
90,Rawson,AR,2021-07-22 08:14:04,-43.3002,-65.1023,51.73,56,100,7.52
91,Broken Hill,AU,2021-07-22 08:14:05,-31.95,141.4333,43.21,71,92,20.65
92,Puerto Ayora,EC,2021-07-22 08:14:05,-0.7393,-90.3518,71.55,94,100,4.0
93,Qaanaaq,GL,2021-07-22 08:14:05,77.484,-69.3632,41.09,85,100,8.21
94,Vila Franca Do Campo,PT,2021-07-22 08:14:06,37.7167,-25.4333,66.61,78,99,7.2
95,Dikson,RU,2021-07-22 08:14:06,73.5069,80.5464,50.56,79,100,19.55
96,Saskylakh,RU,2021-07-22 08:14:07,71.9167,114.0833,71.31,40,100,16.69
97,Puerto Escondido,MX,2021-07-22 08:14:07,15.85,-97.0667,79.48,80,95,4.85
98,Mpulungu,ZM,2021-07-22 08:14:08,-8.7623,31.1141,81.57,37,15,3.11
99,Baykit,RU,2021-07-22 08:14:08,61.67,96.37,75.06,47,48,1.86
100,Bengkulu,ID,2021-07-22 08:14:08,-3.8004,102.2655,84.18,64,29,6.4
101,Pangnirtung,CA,2021-07-22 08:14:09,66.1451,-65.7125,40.44,88,99,5.26
102,Bud,US,2021-07-22 08:14:09,39.447,-86.1758,69.58,94,11,5.57
103,Faanui,PF,2021-07-22 08:14:10,-16.4833,-151.75,78.6,77,15,15.12
104,Terrak,NO,2021-07-22 08:14:10,65.087,12.3715,53.62,93,96,14.54
105,Kalabo,ZM,2021-07-22 08:14:10,-14.97,22.6814,71.38,17,0,10.11
106,Takoradi,GH,2021-07-22 08:14:11,4.8845,-1.7554,77.72,78,100,5.84
107,Altagracia De Orituco,VE,2021-07-22 08:14:11,9.8601,-66.3814,70.12,93,37,3.4
108,Santa Rosa,PH,2021-07-22 08:14:12,14.3122,121.1114,81.91,94,100,16.51
109,Saint George,US,2021-07-22 08:14:12,37.1041,-113.5841,84.63,50,1,1.01
110,Te Anau,NZ,2021-07-22 08:14:12,-45.4167,167.7167,39.0,93,19,0.54
111,Akmene,LT,2021-07-22 08:14:13,56.25,22.75,66.85,43,0,6.91
112,Rio Grande,BR,2021-07-22 08:14:13,-32.035,-52.0986,49.26,71,56,5.77
113,Hilo,US,2021-07-22 08:10:58,19.7297,-155.09,75.27,87,90,0.0
114,Nikolskoye,RU,2021-07-22 08:14:14,59.7035,30.7861,67.39,48,100,11.97
115,Malartic,CA,2021-07-22 08:14:14,48.1335,-78.1328,50.02,96,40,3.83
116,Narsaq,GL,2021-07-22 08:14:15,60.9167,-46.05,44.82,90,45,4.56
117,Torbay,CA,2021-07-22 08:14:15,47.6666,-52.7314,49.75,99,100,10.56
118,Tiksi,RU,2021-07-22 08:14:16,71.6872,128.8694,42.53,87,95,6.11
119,Domoni,KM,2021-07-22 08:14:16,-12.2569,44.5319,78.15,70,58,10.18
120,New Norfolk,AU,2021-07-22 08:14:16,-42.7826,147.0587,52.72,67,99,3.4
121,Fort Nelson,CA,2021-07-22 08:14:17,58.8053,-122.7002,50.86,96,33,2.95
122,Honiara,SB,2021-07-22 08:14:17,-9.4333,159.95,78.28,90,95,9.04
123,Tuktoyaktuk,CA,2021-07-22 08:14:18,69.4541,-133.0374,41.68,96,93,14.23
124,Iqaluit,CA,2021-07-22 08:14:18,63.7506,-68.5145,42.53,86,90,15.99
125,Mountain Home,US,2021-07-22 08:14:19,43.133,-115.6912,70.79,24,0,3.11
126,Paamiut,GL,2021-07-22 08:14:19,61.994,-49.6678,42.53,83,100,3.47
127,Seddon,AU,2021-07-22 08:14:20,-37.8068,144.8916,50.29,74,75,4.0
128,Newport,GB,2021-07-22 08:14:20,51.5877,-2.9984,76.12,76,67,7.52
129,Peskovka,RU,2021-07-22 08:14:21,59.0448,52.3606,61.65,84,100,3.51
130,Bluff,NZ,2021-07-22 08:14:21,-46.6,168.3333,43.81,69,4,10.4
131,Baruun-Urt,MN,2021-07-22 08:14:21,46.6806,113.2792,75.99,62,100,12.57
132,Peniche,PT,2021-07-22 08:14:22,39.3558,-9.3811,64.72,91,6,9.01
133,Wattegama,LK,2021-07-22 08:14:22,6.7989,81.4808,91.54,40,100,12.62
134,Anadyr,RU,2021-07-22 08:14:22,64.75,177.4833,53.01,71,67,8.01
135,Forest Grove,US,2021-07-22 08:14:23,45.5198,-123.1107,60.13,73,1,5.01
136,Udachnyy,RU,2021-07-22 08:14:23,66.4167,112.4,69.3,53,90,7.0
137,Upernavik,GL,2021-07-22 08:13:24,72.7868,-56.1549,41.05,93,100,9.55
138,Puerto Carreno,CO,2021-07-22 08:14:24,6.189,-67.4859,73.22,99,100,6.4
139,Tchollire,CM,2021-07-22 08:14:24,8.4022,14.1698,77.45,80,100,2.95
140,Chuy,UY,2021-07-22 08:14:25,-33.6971,-53.4616,44.8,78,100,4.74
141,Bethel,US,2021-07-22 08:11:10,41.3712,-73.414,66.02,87,0,6.11
142,Rocky Mountain House,CA,2021-07-22 08:14:25,52.3668,-114.9188,52.83,94,9,4.54
143,Le Port,RE,2021-07-22 08:14:26,-20.9373,55.2919,77.0,65,22,6.06
144,Severo-Kurilsk,RU,2021-07-22 08:14:26,50.6789,156.125,51.3,95,86,3.0
145,San Cristobal,VE,2021-07-22 08:14:27,7.7669,-72.225,65.05,93,99,3.98
146,Cockburn Town,TC,2021-07-22 08:13:20,21.4612,-71.1419,81.41,75,0,18.9
147,Bogandinskiy,RU,2021-07-22 08:14:27,56.8937,65.8938,75.47,46,33,0.69
148,Kokkola,FI,2021-07-22 08:14:28,63.8385,23.1307,61.93,75,0,5.99
149,Tual,ID,2021-07-22 08:14:28,-5.6667,132.75,80.42,77,100,16.93
150,Jinxi,CN,2021-07-22 08:14:28,30.4323,116.2922,89.33,59,79,11.59
151,Lorengau,PG,2021-07-22 08:14:29,-2.0226,147.2712,81.64,80,100,5.3
152,Beringovskiy,RU,2021-07-22 08:14:29,63.05,179.3167,55.26,68,69,5.66
153,Pryazha,RU,2021-07-22 08:14:30,61.6926,33.6216,63.63,52,92,9.42
154,Kentau,KZ,2021-07-22 08:14:30,43.5206,68.5094,92.37,17,0,6.08
155,Agirish,RU,2021-07-22 08:14:30,61.9247,63.0231,71.69,41,100,5.37
156,Daokou,CN,2021-07-22 08:14:31,35.5639,114.5058,77.09,86,100,7.09
157,Isangel,VU,2021-07-22 08:14:31,-19.55,169.2667,73.98,89,99,7.83
158,Arraial Do Cabo,BR,2021-07-22 08:14:32,-22.9661,-42.0278,64.89,78,3,3.31
159,Charters Towers,AU,2021-07-22 08:14:32,-20.1,146.2667,67.41,46,41,15.46
160,Shu,KZ,2021-07-22 08:14:33,43.5983,73.7614,96.06,17,0,8.88
161,Cabra,ES,2021-07-22 08:14:33,37.4725,-4.4421,85.66,30,0,1.43
162,Bathsheba,BB,2021-07-22 08:14:33,13.2167,-59.5167,81.21,83,40,17.27
163,Khatanga,RU,2021-07-22 08:14:34,71.9667,102.5,56.39,80,88,1.05
164,Haapiti,PF,2021-07-22 08:14:34,-17.5667,-149.8667,76.73,73,47,13.27
165,Mayo,US,2021-07-22 08:14:35,38.8876,-76.5119,72.16,86,0,1.01
166,Davila,PH,2021-07-22 08:14:35,18.4726,120.5763,81.93,82,100,20.38
167,Glendive,US,2021-07-22 08:14:36,47.1053,-104.7125,76.48,60,1,4.61
168,Katherine,AU,2021-07-22 08:14:36,-14.4667,132.2667,91.72,12,35,3.44
169,Afua,BR,2021-07-22 08:14:36,-0.1567,-50.3867,74.59,94,59,4.85
170,Moron,AR,2021-07-22 08:12:33,-34.6534,-58.6198,53.98,81,27,4.74
171,Beckley,US,2021-07-22 08:10:06,37.7782,-81.1882,63.07,97,1,0.0
172,Samarai,PG,2021-07-22 08:14:37,-10.6167,150.6667,77.7,74,98,11.81
173,Kupang,ID,2021-07-22 08:13:23,-10.1667,123.5833,88.38,33,20,13.8
174,Kathmandu,NP,2021-07-22 08:14:38,27.7167,85.3167,80.82,74,75,5.75
175,Covington,US,2021-07-22 08:14:38,39.0837,-84.5086,66.42,88,1,0.0
176,Lensk,RU,2021-07-22 08:14:38,60.7253,114.9278,82.36,40,74,4.54
177,Ancud,CL,2021-07-22 08:14:39,-41.8697,-73.8203,47.73,89,100,11.72
178,Ekimchan,RU,2021-07-22 08:14:39,53.0667,132.9667,79.18,81,93,4.05
179,Ratnagiri,IN,2021-07-22 08:14:40,16.9833,73.3,77.83,89,100,17.43
180,Hami,CN,2021-07-22 08:14:40,42.8,93.45,101.35,12,5,8.93
181,Quthing,LS,2021-07-22 08:14:41,-30.4,27.7003,31.48,66,100,11.48
182,Sioux Lookout,CA,2021-07-22 08:11:37,50.1001,-91.917,62.67,72,90,3.44
183,East London,ZA,2021-07-22 08:14:41,-33.0153,27.9116,49.39,68,67,29.37
184,Demidov,RU,2021-07-22 08:14:42,55.2706,31.515,66.22,37,0,10.11
185,Port Hardy,CA,2021-07-22 08:14:42,50.6996,-127.4199,53.73,92,97,5.23
186,Hambantota,LK,2021-07-22 08:14:42,6.1241,81.1185,87.17,62,100,25.28
187,Flin Flon,CA,2021-07-22 08:14:43,54.7682,-101.865,63.12,97,0,7.29
188,Thompson,CA,2021-07-22 08:14:43,55.7435,-97.8558,60.69,97,18,4.81
189,Necochea,AR,2021-07-22 08:14:44,-38.5473,-58.7368,46.04,71,100,11.12
190,Yen Bai,VN,2021-07-22 08:14:44,21.7,104.8667,89.55,68,95,2.42
191,Weihe,CN,2021-07-22 08:14:44,32.9952,105.3247,79.25,70,88,6.22
192,Nanortalik,GL,2021-07-22 08:14:45,60.1432,-45.2371,41.85,94,57,12.24
193,Esperance,AU,2021-07-22 08:14:45,-33.8667,121.9,56.16,68,100,11.03
194,Korla,CN,2021-07-22 08:14:46,41.7597,86.1469,95.38,14,100,1.07
195,Mizdah,LY,2021-07-22 08:14:46,31.4451,12.9801,79.16,40,0,3.04
196,Saint-Augustin,CA,2021-07-22 08:14:47,51.226,-58.6502,53.69,70,100,9.08
197,Omboue,GA,2021-07-22 08:14:47,-1.5746,9.2618,75.34,74,98,7.23
198,Santa Cruz,BO,2021-07-22 08:14:47,-17.8,-63.1667,54.86,88,0,5.75
199,Leningradskiy,RU,2021-07-22 08:14:48,69.3833,178.4167,38.28,74,85,2.93
200,Vilani,LV,2021-07-22 08:14:48,56.5525,26.9245,65.12,50,6,8.84
201,Karachi,PK,2021-07-22 08:14:49,24.9056,67.0822,91.22,62,75,11.5
202,Kahului,US,2021-07-22 08:14:49,20.8947,-156.47,76.26,83,1,18.41
203,Haines Junction,CA,2021-07-22 08:14:49,60.7522,-137.5108,46.4,96,0,5.64
204,Satun,TH,2021-07-22 08:14:50,6.8333,100.0,93.2,57,81,7.96
205,Mahebourg,MU,2021-07-22 08:14:50,-20.4081,57.7,75.25,67,66,18.79
206,Sisimiut,GL,2021-07-22 08:14:51,66.9395,-53.6735,42.69,85,100,3.76
207,Tautira,PF,2021-07-22 08:14:51,-17.7333,-149.15,77.02,72,60,12.62
208,Loreto,MX,2021-07-22 08:14:51,22.2667,-101.9667,60.85,81,54,7.85
209,Sovetskiy,RU,2021-07-22 08:14:52,61.3614,63.5842,73.9,41,100,4.99
210,Ilulissat,GL,2021-07-22 08:14:52,69.2167,-51.1,48.22,61,20,6.91
211,Port Alfred,ZA,2021-07-22 08:14:53,-33.5906,26.891,49.8,78,100,30.11
212,Hasaki,JP,2021-07-22 08:14:53,35.7333,140.8333,88.29,74,94,8.21
213,Tuatapere,NZ,2021-07-22 08:14:53,-46.1333,167.6833,43.83,84,15,3.42
214,Santiago,CL,2021-07-22 08:11:37,-33.4569,-70.6483,58.86,54,98,4.61
215,Coihaique,CL,2021-07-22 08:14:54,-45.5752,-72.0662,48.15,81,90,10.36
216,Clonakilty,IE,2021-07-22 08:14:54,51.6231,-8.8706,69.01,80,100,10.49
217,Coahuayana,MX,2021-07-22 08:14:55,18.7333,-103.6833,78.85,91,97,2.1
218,Makokou,GA,2021-07-22 08:14:55,0.5738,12.8642,74.62,76,96,4.54
219,Mitsamiouli,KM,2021-07-22 08:14:56,-11.3847,43.2844,78.76,67,1,10.49
220,Pevek,RU,2021-07-22 08:14:56,69.7008,170.3133,45.0,62,9,6.46
221,Charcas,MX,2021-07-22 08:14:56,23.1333,-101.1167,59.2,91,82,8.21
222,Mangrol,IN,2021-07-22 08:14:57,21.1167,70.1167,84.24,81,99,20.78
223,Arlit,NE,2021-07-22 08:14:57,18.7369,7.3853,91.8,35,2,13.49
224,Nishihara,JP,2021-07-22 08:14:58,26.1842,127.7558,79.88,89,75,21.85
225,Aswan,EG,2021-07-22 08:14:58,24.0934,32.907,103.01,15,72,10.67
226,Airai,TL,2021-07-22 08:14:58,-8.9266,125.4092,69.53,48,67,2.73
227,Novaya Lyada,RU,2021-07-22 08:14:59,52.7131,41.6387,73.24,56,29,11.74
228,Iskilip,TR,2021-07-22 08:14:59,40.7353,34.4739,78.57,49,43,2.48
229,Moissala,TD,2021-07-22 08:15:00,8.3404,17.7663,74.98,86,100,5.41
230,Urucara,BR,2021-07-22 08:15:00,-2.5364,-57.76,71.98,96,29,1.39
231,Nouadhibou,MR,2021-07-22 08:15:00,20.931,-17.0347,66.47,88,1,21.43
232,Pochutla,MX,2021-07-22 08:15:01,15.7432,-96.4661,77.83,82,79,4.41
233,Buguruslan,RU,2021-07-22 08:15:01,53.6554,52.442,86.7,42,94,17.58
234,Tadine,NC,2021-07-22 08:15:03,-21.55,167.8833,70.12,75,0,5.32
235,Moustheni,GR,2021-07-22 08:15:03,40.8667,24.1167,78.71,39,89,4.03
236,Tayshet,RU,2021-07-22 08:15:03,55.9342,98.0044,76.5,42,6,6.15
237,Coquimbo,CL,2021-07-22 08:15:04,-29.9533,-71.3436,47.93,93,90,4.61
238,Sao Filipe,CV,2021-07-22 08:15:04,14.8961,-24.4956,76.06,85,16,6.44
239,Sept-Iles,CA,2021-07-22 08:11:16,50.2001,-66.3821,60.06,79,100,2.33
240,Alofi,NU,2021-07-22 08:15:05,-19.0595,-169.9187,77.67,83,48,18.59
241,Bekhtery,UA,2021-07-22 08:15:05,46.251,32.2927,73.83,65,100,21.65
242,Kargasok,RU,2021-07-22 08:15:06,59.0556,80.8572,83.28,35,60,12.28
243,Mangan,IN,2021-07-22 08:15:06,27.5167,88.5333,86.2,72,96,5.99
244,Klaksvik,FO,2021-07-22 08:15:07,62.2266,-6.589,50.92,90,56,10.09
245,Meulaboh,ID,2021-07-22 08:15:07,4.1363,96.1285,86.38,61,48,6.11
246,Ambovombe,MG,2021-07-22 08:15:08,-25.1667,46.0833,77.27,50,2,3.27
247,Morros,BR,2021-07-22 08:15:08,-9.4467,-46.3003,67.46,62,8,7.27
248,Tucurui,BR,2021-07-22 08:15:08,-3.7661,-49.6725,71.76,90,58,2.39
249,Moose Factory,CA,2021-07-22 08:15:09,51.2585,-80.6094,58.98,94,90,5.75
250,Chuguyevka,RU,2021-07-22 08:12:14,44.1653,133.8633,81.34,82,100,2.62
251,Tilichiki,RU,2021-07-22 08:15:10,60.4667,166.1,59.43,64,100,9.1
252,Halvad,IN,2021-07-22 08:15:10,23.0167,71.1833,91.06,59,98,16.11
253,Yar-Sale,RU,2021-07-22 08:15:11,66.8333,70.8333,70.07,41,17,18.12
254,Saint-Pierre,RE,2021-07-22 08:15:11,-21.3393,55.4781,76.68,60,0,6.91
255,Colesberg,ZA,2021-07-22 08:15:12,-30.72,25.0972,33.98,48,13,15.7
256,Homer,US,2021-07-22 08:15:12,59.6425,-151.5483,56.08,94,90,0.0
257,Shahreza,IR,2021-07-22 08:15:13,32.0339,51.8794,91.96,12,6,5.79
258,Faya,SA,2021-07-22 08:15:13,18.3851,42.4509,68.52,69,33,10.67
259,Taoudenni,ML,2021-07-22 08:15:13,22.6783,-3.9836,100.27,14,0,8.5
260,Lebu,CL,2021-07-22 08:15:14,-37.6167,-73.65,48.76,90,100,4.14
261,Farafangana,MG,2021-07-22 08:15:15,-22.8167,47.8333,72.28,69,0,5.95
262,Dawei,MM,2021-07-22 08:15:15,14.0833,98.2,80.76,89,98,11.77
263,Nyagan,RU,2021-07-22 08:15:16,62.1406,65.3936,74.32,36,100,6.31
264,Mahon,ES,2021-07-22 08:15:16,39.8885,4.2658,81.16,65,0,6.91
265,Lyndon,US,2021-07-22 08:15:16,38.2567,-85.6016,71.42,81,1,3.0
266,Sirari,TZ,2021-07-22 08:15:17,-1.2333,34.4333,76.08,42,0,7.56
267,San Lazaro,BZ,2021-07-22 08:15:17,18.0387,-88.6622,74.88,94,11,4.65
268,Dunedin,NZ,2021-07-22 08:15:18,-45.8742,170.5036,46.8,75,23,5.01
269,Boguchany,RU,2021-07-22 08:15:18,58.3814,97.4531,73.18,48,89,8.5
270,Johnstown,US,2021-07-22 08:11:01,40.3267,-78.922,59.58,91,0,1.68
271,Kribi,CM,2021-07-22 08:15:19,2.95,9.9167,77.47,84,93,5.03
272,Geraldton,AU,2021-07-22 08:15:19,-28.7667,114.6,66.61,72,75,8.05
273,Ewo,CG,2021-07-22 08:15:19,-0.8725,14.8206,83.82,46,66,9.35
274,Madaoua,NE,2021-07-22 08:15:20,14.073,5.96,83.77,56,100,12.71
275,Sola,VU,2021-07-22 08:15:20,-13.8833,167.55,80.2,79,24,11.68
276,Marzuq,YE,2021-07-22 08:15:21,14.4,46.4667,83.75,49,31,7.96
277,Bonavista,CA,2021-07-22 08:15:21,48.6499,-53.1147,50.11,87,100,10.09
278,Fereydun Kenar,IR,2021-07-22 08:15:21,36.6864,52.5225,93.51,66,5,9.64
279,Harmanli,BG,2021-07-22 08:15:22,41.9333,25.9,79.95,39,0,11.25
280,Vagur,FO,2021-07-22 08:15:22,61.4732,-6.8119,50.99,93,7,11.54
281,Poum,NC,2021-07-22 08:15:23,-20.2333,164.0167,71.51,72,0,12.68
282,Abbeville,FR,2021-07-22 08:15:23,50.1,1.8333,75.27,72,0,5.79
283,Ponta Do Sol,PT,2021-07-22 08:15:23,32.6667,-17.1,73.0,73,0,3.33
284,Cedral,MX,2021-07-22 08:15:24,23.8,-100.7333,63.68,84,100,10.02
285,Emirdag,TR,2021-07-22 08:15:24,39.0197,31.15,75.52,39,0,11.92
286,Eyl,SO,2021-07-22 08:15:25,7.9803,49.8164,90.93,42,17,30.27
287,Aras,ES,2021-07-22 08:15:25,42.5617,-2.356,79.05,56,0,3.44
288,Basoko,CD,2021-07-22 08:15:26,1.2391,23.616,85.71,48,98,3.15
289,Vao,NC,2021-07-22 08:15:26,-22.6667,167.4833,71.35,68,2,15.23
290,Atar,MR,2021-07-22 08:15:26,20.5169,-13.0499,80.49,27,13,9.98
291,Bilasipara,IN,2021-07-22 08:15:27,26.232,90.2347,85.91,82,100,5.97
292,Los Llanos De Aridane,ES,2021-07-22 08:15:27,28.6585,-17.9182,67.75,83,20,20.71
293,Fairbanks,US,2021-07-22 08:12:17,64.8378,-147.7164,71.6,52,75,5.75
294,Plyussa,RU,2021-07-22 08:15:28,58.4308,29.3654,65.48,46,100,9.4
295,Norman Wells,CA,2021-07-22 08:15:28,65.282,-126.8329,55.44,94,40,3.44
296,Dire,ML,2021-07-22 08:15:29,12.2833,-10.9667,76.14,93,100,5.44
297,Doka,SD,2021-07-22 08:15:29,13.5167,35.7667,77.23,69,36,15.35
298,Idrinskoye,RU,2021-07-22 08:15:29,54.3708,92.1358,78.28,51,0,1.68
299,Yumen,CN,2021-07-22 08:15:30,40.2833,97.2,91.54,26,43,21.47
300,Burnie,AU,2021-07-22 08:15:30,-41.0667,145.9167,50.92,82,100,11.03
301,Ambilobe,MG,2021-07-22 08:15:31,-13.2,49.05,86.76,31,0,9.69
302,Kalmunai,LK,2021-07-22 08:15:31,7.4167,81.8167,90.3,48,100,11.23
303,Chesma,RU,2021-07-22 08:15:32,53.8111,60.6533,83.26,50,2,7.16
304,Sao Felix Do Xingu,BR,2021-07-22 08:15:32,-6.6447,-51.995,69.8,57,8,1.86
305,Sur,OM,2021-07-22 08:15:32,22.5667,59.5289,97.72,48,92,5.5
306,Terrace,CA,2021-07-22 08:15:33,54.5163,-128.6035,56.43,94,90,12.66
307,Luderitz,NA,2021-07-22 08:15:33,-26.6481,15.1594,57.52,28,62,13.91
308,La Ronge,CA,2021-07-22 08:15:33,55.1001,-105.2842,68.25,83,20,9.22
309,Lakatoro,VU,2021-07-22 08:15:34,-16.0999,167.4164,78.75,83,17,6.87
310,Ixtapa,MX,2021-07-22 08:15:34,20.7,-105.2,83.23,85,91,1.68
311,Goderich,CA,2021-07-22 08:15:35,43.7501,-81.7165,52.92,93,100,2.3
312,Mehamn,NO,2021-07-22 08:15:35,71.0357,27.8492,44.78,72,100,21.27
313,Rio Gallegos,AR,2021-07-22 08:12:54,-51.6226,-69.2181,39.25,70,0,4.61
314,Sargatskoye,RU,2021-07-22 08:15:36,55.6101,73.4972,83.77,36,9,10.42
315,Hualmay,PE,2021-07-22 08:15:36,-11.0964,-77.6139,61.93,86,39,8.03
316,Srednekolymsk,RU,2021-07-22 08:15:36,67.45,153.6833,67.26,51,100,3.0
317,Mount Gambier,AU,2021-07-22 08:15:37,-37.8333,140.7667,42.71,93,90,17.27
318,Kovdor,RU,2021-07-22 08:15:37,67.5662,30.4758,46.8,88,87,7.7
319,Metsavan,AM,2021-07-22 08:11:13,41.2016,44.2288,81.84,50,7,7.05
320,Mwinilunga,ZM,2021-07-22 08:15:38,-11.7358,24.4293,71.01,30,35,10.49
321,Kawalu,ID,2021-07-22 08:15:38,-7.3817,108.2082,85.75,53,76,6.87
322,Roblin,CA,2021-07-22 08:15:39,51.23,-101.3565,61.79,92,1,5.32
323,Chapais,CA,2021-07-22 08:15:39,49.7834,-74.8492,49.78,64,99,2.59
324,Catuday,PH,2021-07-22 08:15:39,16.2923,119.8062,78.87,86,100,21.32
325,Jumla,NP,2021-07-22 08:15:40,29.2747,82.1838,69.8,82,99,2.57
326,Saint-Raymond,CA,2021-07-22 08:10:46,45.467,-73.6095,60.82,91,60,2.21
327,Antalaha,MG,2021-07-22 08:15:40,-14.9003,50.2788,76.37,60,0,9.08
328,Whitehorse,CA,2021-07-22 08:14:40,60.7161,-135.0538,57.02,90,19,6.76
329,Labuhan,ID,2021-07-22 08:15:41,-6.8844,112.2051,86.0,63,43,11.32
330,Nago,JP,2021-07-22 08:15:41,26.5881,127.9761,81.45,94,100,27.13
331,Ikalamavony,MG,2021-07-22 08:15:42,-21.15,46.5833,74.28,30,0,3.44
332,Nalut,LY,2021-07-22 08:15:42,30.3333,10.85,84.31,25,0,9.28
333,Methoni,GR,2021-07-22 08:15:43,36.8197,21.7049,87.66,67,0,6.64
334,Grandview,US,2021-07-22 08:15:43,38.8858,-94.533,72.9,90,1,1.01
335,Carnarvon,AU,2021-07-22 08:15:44,-24.8667,113.6333,69.87,54,0,12.66
336,Najran,SA,2021-07-22 08:15:44,17.4924,44.1277,92.05,26,7,11.01
337,Ariquemes,BR,2021-07-22 08:15:44,-9.9133,-63.0408,67.32,64,0,3.0
338,Merauke,ID,2021-07-22 08:15:45,-8.4667,140.3333,80.53,76,61,16.31
339,Port-Cartier,CA,2021-07-22 08:15:45,50.0334,-66.8654,59.76,82,100,3.71
340,Oistins,BB,2021-07-22 08:14:39,13.0667,-59.5333,80.69,83,40,17.27
341,Srivardhan,IN,2021-07-22 08:15:46,18.0333,73.0167,80.42,85,100,18.5
342,Jalu,LY,2021-07-22 08:15:46,29.0331,21.5482,85.78,46,9,9.46
343,Trelew,AR,2021-07-22 08:15:47,-43.249,-65.3051,51.66,51,100,9.19
344,Podgornoye,RU,2021-07-22 08:15:47,51.735,39.1496,73.62,56,40,11.18
345,Ouegoa,NC,2021-07-22 08:15:47,-20.35,164.4333,69.37,69,0,6.78
346,Praia,CV,2021-07-22 08:15:48,14.9215,-23.5087,77.54,83,20,4.61
347,Cayenne,GF,2021-07-22 08:15:48,4.9333,-52.3333,78.1,88,0,2.3
348,Chodavaram,IN,2021-07-22 08:15:49,17.8333,82.95,84.04,65,99,9.1
349,Amalapuram,IN,2021-07-22 08:15:49,16.5833,82.0167,80.98,90,100,13.02
350,Broome,US,2021-07-22 08:15:49,42.2506,-75.833,57.58,88,1,5.75
351,Anshun,CN,2021-07-22 08:15:50,26.25,105.9333,77.88,72,99,8.1
352,Raudeberg,NO,2021-07-22 08:15:50,61.9875,5.1352,59.86,86,98,9.33
353,Husavik,IS,2021-07-22 08:15:51,66.0449,-17.3389,62.51,76,1,0.87
354,Aykhal,RU,2021-07-22 08:15:51,66.0,111.5,67.82,58,53,10.74
355,Saint Anthony,US,2021-07-22 08:15:51,45.0205,-93.218,73.72,90,1,3.0
356,Diveyevo,RU,2021-07-22 08:15:52,55.0433,43.2418,71.96,51,49,11.72
357,Itarema,BR,2021-07-22 08:15:52,-2.9248,-39.9167,76.42,79,26,14.27
358,Bafq,IR,2021-07-22 08:15:53,31.6128,55.4107,100.35,8,0,8.37
359,Mbinga,TZ,2021-07-22 08:15:53,-10.9333,35.0167,69.46,54,48,6.82
360,Okha,RU,2021-07-22 08:15:54,53.5739,142.9478,72.99,76,95,8.43
361,Freeport,US,2021-07-22 08:14:57,40.6576,-73.5832,69.78,80,1,1.01
362,Maragogi,BR,2021-07-22 08:15:11,-9.0122,-35.2225,73.96,81,76,12.15
363,Jian,CN,2021-07-22 08:15:54,27.1172,114.9793,93.88,46,37,11.1
364,Vikesa,NO,2021-07-22 08:15:55,58.6376,6.0913,58.89,69,37,10.36
365,Cuiluan,CN,2021-07-22 08:15:55,47.72,128.648,85.96,58,92,8.01
366,Camacha,PT,2021-07-22 08:15:56,33.0833,-16.3333,69.53,83,40,12.66
367,Port Arthur,CN,2021-07-22 08:15:56,38.8,121.2667,86.22,71,94,4.18
368,Victoria,HK,2021-07-22 08:12:06,22.2855,114.1577,91.26,76,74,5.99
369,Toropets,RU,2021-07-22 08:15:57,56.4978,31.6353,64.78,43,38,7.96
370,Ligayan,PH,2021-07-22 08:15:57,4.6533,119.4706,83.08,75,100,16.35
371,Monrovia,LR,2021-07-22 08:15:57,6.3005,-10.7969,74.97,81,92,6.2
372,Helsinki,FI,2021-07-22 08:15:21,60.1695,24.9355,71.17,45,0,10.0
373,Osoyoos,CA,2021-07-22 08:15:58,49.0331,-119.4524,67.59,37,0,8.05
374,Gizo,SB,2021-07-22 08:15:58,-8.103,156.8419,82.4,76,76,4.99
375,Barahona,DO,2021-07-22 08:15:59,18.2085,-71.1008,77.43,85,18,2.68
376,Rabo De Peixe,PT,2021-07-22 08:15:59,37.8,-25.5833,67.51,73,20,12.66
377,Uyskoye,RU,2021-07-22 08:16:00,54.3775,60.0047,83.26,45,2,8.95
378,Shakawe,BW,2021-07-22 08:16:00,-18.3667,21.85,62.33,28,0,10.13
379,Manokwari,ID,2021-07-22 08:16:00,-0.8667,134.0833,81.3,81,94,8.48
380,Yangjiang,CN,2021-07-22 08:16:01,21.85,111.9667,85.95,75,61,8.68
381,Wolfsberg,AT,2021-07-22 08:16:02,46.8406,14.8442,74.62,54,11,5.01
382,Cap Malheureux,MU,2021-07-22 08:16:02,-19.9842,57.6142,75.69,59,70,15.99
383,Walvis Bay,NA,2021-07-22 08:16:02,-22.9575,14.5053,63.55,34,0,2.3
384,Port Shepstone,ZA,2021-07-22 08:15:21,-30.7414,30.455,58.69,36,40,27.27
385,Yako,BF,2021-07-22 08:16:03,12.9667,-2.2667,80.51,65,100,12.75
386,Nemuro,JP,2021-07-22 08:16:03,43.3236,145.575,72.03,90,61,12.24
387,Dong Xoai,VN,2021-07-22 08:16:04,11.5333,106.9167,88.07,66,100,7.05
388,Havre-Saint-Pierre,CA,2021-07-22 08:16:04,50.2334,-63.5986,57.56,82,90,9.22
389,Margate,GB,2021-07-22 08:16:05,51.3813,1.3862,73.96,71,0,8.77
390,Tomigusuku,JP,2021-07-22 08:16:05,26.185,127.675,81.14,96,75,20.71
391,Camopi,GF,2021-07-22 08:16:05,3.1655,-52.3158,70.2,100,42,1.81
392,Odweyne,SO,2021-07-22 08:16:06,9.4092,45.064,77.99,48,82,30.49
393,Trinidad,BO,2021-07-22 08:16:06,-14.8333,-64.9,62.74,58,0,3.76
394,Hay River,CA,2021-07-22 08:16:07,60.8156,-115.7999,62.58,82,40,4.61
395,Millinocket,US,2021-07-22 08:14:06,45.6573,-68.7098,58.41,94,90,9.22
396,Vanavara,RU,2021-07-22 08:16:07,60.34,102.2797,64.83,74,100,10.02
397,Lakes Entrance,AU,2021-07-22 08:16:08,-37.8811,147.981,48.18,76,100,8.5
398,Hvide Sande,DK,2021-07-22 08:16:08,56.0045,8.1294,62.65,82,75,8.05
399,Solnechnyy,RU,2021-07-22 08:16:09,50.7214,136.6319,86.16,61,100,5.01
400,Viedma,AR,2021-07-22 08:16:09,-40.8135,-62.9967,49.42,47,100,10.78
401,Sechura,PE,2021-07-22 08:16:10,-5.5569,-80.8222,64.51,83,7,9.46
402,Iconha,BR,2021-07-22 08:16:10,-20.7931,-40.8111,59.23,90,0,3.2
403,Brigantine,US,2021-07-22 08:16:10,39.4101,-74.3646,68.02,91,1,6.91
404,Buala,SB,2021-07-22 08:16:11,-8.145,159.5921,80.04,84,13,7.16
405,Prieska,ZA,2021-07-22 08:16:11,-29.6641,22.7474,41.67,53,35,10.0
406,Winneba,GH,2021-07-22 08:16:12,5.3511,-0.6231,79.27,75,98,7.99
407,Kenai,US,2021-07-22 08:16:12,60.5544,-151.2583,56.03,96,90,8.05
408,Gazli,UZ,2021-07-22 08:16:12,40.1333,63.45,98.37,13,0,7.76
409,Bouna,CI,2021-07-22 08:16:13,9.2667,-3.0,75.24,76,33,10.09
410,Shirokiy,RU,2021-07-22 08:16:13,49.758,129.523,88.0,63,63,2.53
411,Pompeu,BR,2021-07-22 08:16:14,-19.2244,-44.9353,55.99,70,1,3.04
412,Sivakasi,IN,2021-07-22 08:16:14,9.45,77.8167,97.12,37,88,18.59
413,Nabire,ID,2021-07-22 08:16:15,-3.3667,135.4833,79.12,85,95,2.91
414,Abha,SA,2021-07-22 08:16:15,18.2164,42.5053,76.82,73,20,11.5
415,Jhol,PK,2021-07-22 08:16:15,25.9551,68.8882,102.27,22,0,8.16
416,Chara,RU,2021-07-22 08:16:16,56.9064,118.2631,76.28,50,100,4.54
417,Ternate,ID,2021-07-22 08:16:16,0.8,127.4,82.45,76,28,11.63
418,Sao Joaquim,BR,2021-07-22 08:16:17,-28.2939,-49.9317,40.15,52,0,2.91
419,Balakhta,RU,2021-07-22 08:16:17,55.38,91.6,76.26,51,4,1.45
420,Cutlerville,US,2021-07-22 08:16:18,42.8409,-85.6636,62.4,87,1,3.44
421,Waipawa,NZ,2021-07-22 08:16:18,-41.4122,175.5153,48.83,94,100,10.33
422,Kavaratti,IN,2021-07-22 08:16:19,10.5669,72.642,82.65,81,100,23.91
423,Katsuura,JP,2021-07-22 08:16:19,35.1333,140.3,87.91,74,10,8.23
424,Hanstholm,DK,2021-07-22 08:16:19,57.1167,8.6167,63.75,72,0,12.24
425,Presidente Olegario,BR,2021-07-22 08:16:20,-18.4178,-46.4181,57.9,69,8,3.04
426,Grindavik,IS,2021-07-22 08:16:20,63.8424,-22.4338,55.56,100,90,14.97
427,Choya,RU,2021-07-22 08:16:21,52.0108,86.5467,85.66,42,100,3.67
428,Tianmen,CN,2021-07-22 08:16:21,30.6516,113.1603,90.61,67,100,6.2
429,Khetia,IN,2021-07-22 08:16:22,21.6667,74.5833,90.14,57,100,15.97
430,Kavarna,BG,2021-07-22 08:16:22,43.4333,28.3333,77.34,57,1,23.02
431,Jadu,LY,2021-07-22 08:16:22,31.953,12.0261,76.87,39,0,5.41
432,Makakilo City,US,2021-07-22 08:16:23,21.3469,-158.0858,77.32,67,1,5.75
433,Grand Gaube,MU,2021-07-22 08:16:23,-20.0064,57.6608,75.6,59,76,15.99
434,Lahij,YE,2021-07-22 08:16:24,13.1667,44.5833,93.27,35,9,6.04
435,Tuy Hoa,VN,2021-07-22 08:16:24,13.0833,109.3,92.5,48,94,15.21
436,Santa Maria,BR,2021-07-22 08:16:24,-29.6842,-53.8069,45.77,74,0,4.07
437,Mikhaylovka,RU,2021-07-22 08:16:25,50.06,43.2379,81.07,53,15,10.87
438,Huaibei,CN,2021-07-22 08:16:25,33.9744,116.7917,87.57,62,100,10.6
439,Popondetta,PG,2021-07-22 08:16:26,-8.7537,148.2534,76.68,88,30,1.34
440,Palmer,US,2021-07-22 08:16:26,42.1584,-72.3287,63.01,84,1,0.0
441,Hofn,IS,2021-07-22 08:16:26,64.2539,-15.2082,53.62,82,0,8.05
442,Tezu,IN,2021-07-22 08:16:27,27.9167,96.1667,97.79,48,14,2.04
443,Pimentel,PE,2021-07-22 08:16:27,-6.8367,-79.9342,64.04,86,93,10.69
444,Zelenoborskiy,RU,2021-07-22 08:16:28,66.845,32.3622,50.88,67,95,13.98
445,Chipurupalle,IN,2021-07-22 08:16:28,18.3,83.5667,89.08,61,100,4.21
446,Vila Velha,BR,2021-07-22 08:12:13,-20.3297,-40.2925,64.35,94,40,0.0
447,Dalvik,IS,2021-07-22 08:16:29,65.9702,-18.5286,62.53,68,5,2.82
448,Bubaque,GW,2021-07-22 08:16:29,11.2833,-15.8333,80.37,81,50,11.16
449,Gospic,HR,2021-07-22 08:16:30,44.5461,15.3747,74.89,41,54,7.2
450,Fujin,CN,2021-07-22 08:16:30,47.26,132.0322,91.02,50,100,5.66
451,Fortuna,US,2021-07-22 08:16:30,40.5982,-124.1573,55.85,90,71,3.47
452,Teguise,ES,2021-07-22 08:16:31,29.0605,-13.564,68.22,78,20,24.16
453,Belyy Yar,RU,2021-07-22 08:16:31,53.6039,91.3903,80.49,47,0,8.95
454,Bambanglipuro,ID,2021-07-22 08:16:32,-7.95,110.2833,82.65,67,49,16.91
455,Bumbuna,SL,2021-07-22 08:16:32,9.05,-11.7333,72.88,98,99,3.22
456,Berdigestyakh,RU,2021-07-22 08:16:32,62.0989,126.6992,82.09,32,39,8.84
457,Lanxi,CN,2021-07-22 08:16:33,29.2195,119.477,84.67,78,43,9.44
458,Ostrovnoy,RU,2021-07-22 08:16:33,68.0531,39.5131,48.06,85,100,5.95
459,Dingle,PH,2021-07-22 08:16:34,10.9995,122.6711,83.55,74,98,16.46
460,Richards Bay,ZA,2021-07-22 08:16:34,-28.783,32.0377,65.66,40,3,14.25
461,Karratha,AU,2021-07-22 08:16:34,-20.7377,116.8463,85.32,31,17,14.79
462,Uthal,PK,2021-07-22 08:16:35,25.8072,66.6219,96.89,46,0,4.59
463,Tarut,SA,2021-07-22 08:16:35,26.5733,50.0369,116.82,41,6,14.36
464,Road Town,VG,2021-07-22 08:16:36,18.4167,-64.6167,82.49,75,4,21.3
465,Manikling,PH,2021-07-22 08:16:36,6.8791,126.0606,87.39,64,65,7.09
466,Bereda,ES,2021-07-22 08:16:37,43.2686,-7.5406,64.42,100,100,0.47
467,Sumy,UA,2021-07-22 08:16:03,50.9216,34.8003,71.37,55,1,13.24
468,Ypsilanti,US,2021-07-22 08:16:37,42.2412,-83.613,59.58,92,1,3.44
469,San Quintin,MX,2021-07-22 08:16:38,30.4833,-115.95,69.4,86,100,7.2
470,Anzio,IT,2021-07-22 08:16:38,41.4853,12.6179,90.01,44,0,6.38
471,Atkinson,US,2021-07-22 08:16:38,42.8384,-71.147,63.72,86,1,1.01
472,Novobirilyussy,RU,2021-07-22 08:16:39,56.9514,90.6661,81.12,35,58,5.17
473,Bayan,CN,2021-07-22 08:16:39,46.0833,127.4,88.72,58,69,5.06
474,Half Moon Bay,US,2021-07-22 08:16:40,37.4636,-122.4286,61.38,83,1,0.0
475,Asyut,EG,2021-07-22 08:16:40,27.181,31.1837,96.48,24,0,16.64
476,Sal Rei,CV,2021-07-22 08:16:41,16.1833,-22.9167,77.2,83,40,5.75
477,Mayumba,GA,2021-07-22 08:16:41,-3.432,10.6554,74.1,74,95,2.95
478,Kamaishi,JP,2021-07-22 08:16:41,39.2667,141.8833,77.95,95,100,5.48
479,Lahad Datu,MY,2021-07-22 08:16:42,5.0268,118.327,86.52,62,100,6.62
480,Alyangula,AU,2021-07-22 08:16:42,-13.8483,136.4192,75.52,66,46,1.39
481,Requena,ES,2021-07-22 08:16:43,39.4883,-1.1004,77.52,30,0,3.36
482,Lagoa,PT,2021-07-22 08:16:43,39.05,-27.9833,66.87,75,88,15.84
483,Jacksonville,US,2021-07-22 08:16:39,30.3322,-81.6556,78.03,88,1,0.0
484,Sakakah,SA,2021-07-22 08:16:44,29.9697,40.2064,98.17,13,0,11.7
485,Gornopravdinsk,RU,2021-07-22 08:16:44,60.05,69.9,78.4,37,100,2.66
486,Saint-Paul,RE,2021-07-22 08:16:45,-21.0096,55.2707,77.11,65,31,4.59
487,Sakaiminato,JP,2021-07-22 08:16:45,35.55,133.2333,87.73,66,75,10.36
488,Uzunovo,RU,2021-07-22 08:16:45,54.5386,38.6173,67.78,53,0,15.19
489,Lasa,IT,2021-07-22 08:16:46,46.6166,10.7002,74.03,75,30,1.32
490,Ayan,RU,2021-07-22 08:16:46,56.45,138.1667,66.4,78,30,3.11
491,Batemans Bay,AU,2021-07-22 08:16:47,-35.7167,150.1833,54.91,66,95,8.14
492,Saint-Francois,FR,2021-07-22 08:16:47,46.4154,3.9054,76.48,67,0,1.14
493,Beloha,MG,2021-07-22 08:16:47,-25.1667,45.05,75.49,49,96,5.66
494,Acarau,BR,2021-07-22 08:16:48,-2.8856,-40.12,76.66,80,22,14.34
495,Torres,BR,2021-07-22 08:16:48,-29.3353,-49.7269,48.79,80,0,5.35
496,Isla Mujeres,MX,2021-07-22 08:16:49,21.2311,-86.731,82.29,81,3,10.63
497,Altay,CN,2021-07-22 08:16:49,47.8667,88.1167,90.46,18,100,10.67
498,Ghanzi,BW,2021-07-22 08:16:49,-21.5667,21.7833,49.6,18,0,12.48
499,Abnub,EG,2021-07-22 08:16:50,27.2696,31.1511,96.26,24,0,16.51
500,Dengzhou,CN,2021-07-22 08:16:50,37.8086,120.7508,80.58,69,100,9.91
501,Carauari,BR,2021-07-22 08:16:51,-4.8828,-66.8958,71.02,72,85,2.73
502,Koslan,RU,2021-07-22 08:16:51,63.4564,48.8989,61.48,35,66,5.99
503,Great Falls,US,2021-07-22 08:12:21,47.5002,-111.3008,71.42,64,20,1.99
504,Ellensburg,US,2021-07-22 08:16:52,46.9965,-120.5479,62.24,63,1,21.85
505,Dawlatabad,AF,2021-07-22 08:16:52,36.4141,64.9053,102.27,11,5,7.2
506,Furano,JP,2021-07-22 08:16:52,43.2818,142.4743,83.7,56,33,1.07
507,Sivaki,RU,2021-07-22 08:16:53,52.6333,126.75,93.83,41,29,8.81
508,Huarmey,PE,2021-07-22 08:16:53,-10.0681,-78.1522,62.98,87,51,7.58
509,Hushitai,CN,2021-07-22 08:16:54,41.9322,123.5114,88.95,63,100,5.55
510,Bundaberg,AU,2021-07-22 08:16:54,-24.85,152.35,60.22,64,0,1.01
511,Cocachacra,PE,2021-07-22 08:16:54,-17.0883,-71.7575,59.22,85,4,2.35
512,Alamogordo,US,2021-07-22 08:16:55,32.8995,-105.9603,77.22,52,1,3.0
513,Port Hedland,AU,2021-07-22 08:16:55,-20.3167,118.5667,84.25,48,22,16.11
514,Pangoa,PE,2021-07-22 08:16:56,-12.1167,-73.0,63.28,85,31,2.35
515,Hobyo,SO,2021-07-22 08:16:56,5.3505,48.5268,85.06,60,39,24.87
516,Camacupa,AO,2021-07-22 08:16:56,-12.0167,17.4833,64.17,24,0,8.52
517,La Romana,DO,2021-07-22 08:16:57,18.4273,-68.9728,78.53,87,37,8.95
518,Chapleau,CA,2021-07-22 08:16:57,47.8405,-83.4034,52.39,74,91,4.68
519,Wanning,CN,2021-07-22 08:16:58,18.8003,110.3967,85.86,76,100,5.08
520,Buraydah,SA,2021-07-22 08:16:58,26.326,43.975,108.05,12,3,13.42
521,Balkanabat,TM,2021-07-22 08:16:58,39.5108,54.3671,105.53,11,35,10.02
522,Rundu,NA,2021-07-22 08:16:59,-17.9333,19.7667,61.81,30,0,11.01
523,Ajdabiya,LY,2021-07-22 08:16:59,30.7554,20.2263,84.2,53,0,13.31
524,Petropavlovsk-Kamchatskiy,RU,2021-07-22 08:14:37,53.0452,158.6483,57.79,88,40,11.18
525,Sheopur,IN,2021-07-22 08:17:00,25.6667,76.7,94.42,52,92,6.46
526,Hare Bay,CA,2021-07-22 08:17:00,48.8499,-54.0148,47.55,89,100,5.99
527,Kokopo,PG,2021-07-22 08:17:00,-4.352,152.2633,79.21,85,99,7.78
528,Cabedelo,BR,2021-07-22 08:17:01,-6.9811,-34.8339,70.47,83,64,12.68
529,Usolye,RU,2021-07-22 08:17:01,59.4268,56.6808,66.22,66,100,2.3
530,Welkom,ZA,2021-07-22 08:17:02,-27.9864,26.7066,38.35,56,7,14.52
531,Calamar,CO,2021-07-22 08:17:02,10.2511,-74.9146,80.55,74,30,1.88
532,Tete,MZ,2021-07-22 08:17:03,-16.1564,33.5867,78.89,50,0,0.0
533,Keti Bandar,PK,2021-07-22 08:17:03,24.1447,67.4497,86.74,78,100,18.97
534,Syava,RU,2021-07-22 08:17:03,58.0146,46.3222,65.73,70,54,6.73
535,Vestmannaeyjar,IS,2021-07-22 08:17:04,63.4427,-20.2734,53.28,94,100,8.1
536,Magelang,ID,2021-07-22 08:17:04,-7.4706,110.2178,85.3,62,94,6.46
537,Kodinsk,RU,2021-07-22 08:17:05,58.6881,99.1844,66.52,76,100,4.52
538,Harper,LR,2021-07-22 08:17:05,4.375,-7.7169,77.97,79,69,8.84
539,Sorland,NO,2021-07-22 08:17:06,67.667,12.6934,50.07,87,100,16.11
540,Kapoeta,SS,2021-07-22 08:17:06,4.7717,33.5903,85.59,42,98,14.45
541,Macaubas,BR,2021-07-22 08:17:06,-13.0194,-42.6986,59.45,91,0,3.49
542,Khani,GE,2021-07-22 08:17:07,41.9563,42.9566,67.57,98,97,2.82
543,Big Spring,US,2021-07-22 08:17:07,32.2504,-101.4787,73.24,72,1,1.99
544,Raton,US,2021-07-22 08:17:08,36.9034,-104.4391,66.54,72,1,9.22
545,Qarayeri,AZ,2021-07-22 08:17:08,40.7886,46.3066,92.28,38,20,6.91
546,Tripoli,LY,2021-07-22 08:17:08,32.8752,13.1875,80.28,62,0,3.09
547,Moree,AU,2021-07-22 08:17:09,-29.4667,149.85,53.62,54,100,6.91
548,Quelimane,MZ,2021-07-22 08:17:09,-17.8786,36.8883,75.15,88,75,0.0
549,Gigante,CO,2021-07-22 08:17:10,2.3868,-75.5453,66.0,96,95,3.65
550,Tura,IN,2021-07-22 08:17:10,25.5198,90.2201,89.83,64,86,1.1
551,Vite,IN,2021-07-22 08:17:11,17.2833,74.55,74.95,80,100,25.97
552,Riyadh,SA,2021-07-22 08:16:15,24.6877,46.7219,111.34,19,2,5.55
553,Presidencia Roque Saenz Pena,AR,2021-07-22 08:17:11,-26.7852,-60.4388,50.77,65,0,5.84
554,Russell,US,2021-07-22 08:17:11,32.3502,-85.1999,74.48,91,90,0.0
555,Te Karaka,NZ,2021-07-22 08:17:12,-38.4654,177.8679,52.47,81,5,5.23
556,Muros,ES,2021-07-22 08:17:12,42.7762,-9.0603,63.99,85,9,1.16
557,Denpasar,ID,2021-07-22 08:17:13,-8.65,115.2167,82.06,83,75,14.97
558,Key Largo,US,2021-07-22 08:17:13,25.0865,-80.4473,81.0,73,70,5.03
